Workbook

Sheet 合并排行榜
A1: 第五届联合杯立直麻将高校赛｜双赛道合并排行榜 | B1: 第五届联合杯立直麻将高校赛｜双赛道合并排行榜 | C1: 第五届联合杯立直麻将高校赛｜双赛道合并排行榜 | D1: 第五届联合杯立直麻将高校赛｜双赛道合并排行榜 | E1: 第五届联合杯立直麻将高校赛｜双赛道合并排行榜 | F1: 第五届联合杯立直麻将高校赛｜双赛道合并排行榜 | G1: 第五届联合杯立直麻将高校赛｜双赛道合并排行榜 | H1: 第五届联合杯立直麻将高校赛｜双赛道合并排行榜 | I1: 第五届联合杯立直麻将高校赛｜双赛道合并排行榜
A2: 数据快照：2026-07-12T07:57:25.747Z（UTC）｜两个赛道各 64 所学校，按网站学校名称精确合并
A4: 参赛学校 | B4: ==COUNTA(B7:B70) -> 64 | C4: 东风最高分 | D4: ==MAX(D7:D70) -> 150.3 | E4: 半庄最高分 | F4: ==MAX(F7:F70) -> 220.8 | G4: 当前第一 | H4: ==INDEX(B7:B70,MATCH(MAX(I7:I70),I7:I70,0)) -> 北京大学
A5: “扣分”栏输入正数即可自动更新扣分后总分和当前名次；行顺序不会自动移动，可用表头筛选箭头按“当前名次”升序排序。
A6: 当前名次 | B6: 学校 | C6: 东风名次 | D6: 东风分数 | E6: 半庄名次 | F6: 半庄分数 | G6: 原始总分 | H6: 扣分 | I6: 扣分后总分
A7: ==_xlfn.RANK.EQ(I7,$I$7:$I$70,0) -> 1 | B7: 北京大学 | C7: ==INDEX(东风赛道!$A$5:$A$68,MATCH(B7,东风赛道!$B$5:$B$68,0)) -> 6 | D7: ==INDEX(东风赛道!$C$5:$C$68,MATCH(B7,东风赛道!$B$5:$B$68,0)) -> 85.9 | E7: ==INDEX(半庄赛道!$A$5:$A$68,MATCH(B7,半庄赛道!$B$5:$B$68,0)) -> 3 | F7: ==INDEX(半庄赛道!$C$5:$C$68,MATCH(B7,半庄赛道!$B$5:$B$68,0)) -> 212.7 | G7: ==D7+F7 -> 298.6 | H7: 0 | I7: ==G7-H7 -> 298.6
A8: ==_xlfn.RANK.EQ(I8,$I$7:$I$70,0) -> 2 | B8: 上海大学 | C8: ==INDEX(东风赛道!$A$5:$A$68,MATCH(B8,东风赛道!$B$5:$B$68,0)) -> 16 | D8: ==INDEX(东风赛道!$C$5:$C$68,MATCH(B8,东风赛道!$B$5:$B$68,0)) -> 49.4 | E8: ==INDEX(半庄赛道!$A$5:$A$68,MATCH(B8,半庄赛道!$B$5:$B$68,0)) -> 1 | F8: ==INDEX(半庄赛道!$C$5:$C$68,MATCH(B8,半庄赛道!$B$5:$B$68,0)) -> 220.8 | G8: ==D8+F8 -> 270.2 | H8: 0 | I8: ==G8-H8 -> 270.2
A9: ==_xlfn.RANK.EQ(I9,$I$7:$I$70,0) -> 3 | B9: 北京邮电大学 | C9: ==INDEX(东风赛道!$A$5:$A$68,MATCH(B9,东风赛道!$B$5:$B$68,0)) -> 14 | D9: ==INDEX(东风赛道!$C$5:$C$68,MATCH(B9,东风赛道!$B$5:$B$68,0)) -> 64.1 | E9: ==INDEX(半庄赛道!$A$5:$A$68,MATCH(B9,半庄赛道!$B$5:$B$68,0)) -> 4 | F9: ==INDEX(半庄赛道!$C$5:$C$68,MATCH(B9,半庄赛道!$B$5:$B$68,0)) -> 189.5 | G9: ==D9+F9 -> 253.6 | H9: 0 | I9: ==G9-H9 -> 253.6
A10: ==_xlfn.RANK.EQ(I10,$I$7:$I$70,0) -> 4 | B10: 北京航空航天大 | C10: ==INDEX(东风赛道!$A$5:$A$68,MATCH(B10,东风赛道!$B$5:$B$68,0)) -> 22 | D10: ==INDEX(东风赛道!$C$5:$C$68,MATCH(B10,东风赛道!$B$5:$B$68,0)) -> 23.7 | E10: ==INDEX(半庄赛道!$A$5:$A$68,MATCH(B10,半庄赛道!$B$5:$B$68,0)) -> 2 | F10: ==INDEX(半庄赛道!$C$5:$C$68,MATCH(B10,半庄赛道!$B$5:$B$68,0)) -> 213.9 | G10: ==D10+F10 -> 237.6 | H10: 0 | I10: ==G10-H10 -> 237.6
A11: ==_xlfn.RANK.EQ(I11,$I$7:$I$70,0) -> 5 | B11: 四川大学 | C11: ==INDEX(东风赛道!$A$5:$A$68,MATCH(B11,东风赛道!$B$5:$B$68,0)) -> 5 | D11: ==INDEX(东风赛道!$C$5:$C$68,MATCH(B11,东风赛道!$B$5:$B$68,0)) -> 92.9 | E11: ==INDEX(半庄赛道!$A$5:$A$68,MATCH(B11,半庄赛道!$B$5:$B$68,0)) -> 6 | F11: ==INDEX(半庄赛道!$C$5:$C$68,MATCH(B11,半庄赛道!$B$5:$B$68,0)) -> 137.6 | G11: ==D11+F11 -> 230.5 | H11: 0 | I11: ==G11-H11 -> 230.5
A12: ==_xlfn.RANK.EQ(I12,$I$7:$I$70,0) -> 6 | B12: 中国农业大学 | C12: ==INDEX(东风赛道!$A$5:$A$68,MATCH(B12,东风赛道!$B$5:$B$68,0)) -> 2 | D12: ==INDEX(东风赛道!$C$5:$C$68,MATCH(B12,东风赛道!$B$5:$B$68,0)) -> 111.1 | E12: ==INDEX(半庄赛道!$A$5:$A$68,MATCH(B12,半庄赛道!$B$5:$B$68,0)) -> 17 | F12: ==INDEX(半庄赛道!$C$5:$C$68,MATCH(B12,半庄赛道!$B$5:$B$68,0)) -> 70.3 | G12: ==D12+F12 -> 181.4 | H12: 0 | I12: ==G12-H12 -> 181.4
A13: ==_xlfn.RANK.EQ(I13,$I$7:$I$70,0) -> 7 | B13: 安徽农业大学 | C13: ==INDEX(东风赛道!$A$5:$A$68,MATCH(B13,东风赛道!$B$5:$B$68,0)) -> 29 | D13: ==INDEX(东风赛道!$C$5:$C$68,MATCH(B13,东风赛道!$B$5:$B$68,0)) -> 12.4 | E13: ==INDEX(半庄赛道!$A$5:$A$68,MATCH(B13,半庄赛道!$B$5:$B$68,0)) -> 7 | F13: ==INDEX(半庄赛道!$C$5:$C$68,MATCH(B13,半庄赛道!$B$5:$B$68,0)) -> 136.7 | G13: ==D13+F13 -> 149.1 | H13: 0 | I13: ==G13-H13 -> 149.1
A14: ==_xlfn.RANK.EQ(I14,$I$7:$I$70,0) -> 8 | B14: 清华大学 | C14: ==INDEX(东风赛道!$A$5:$A$68,MATCH(B14,东风赛道!$B$5:$B$68,0)) -> 4 | D14: ==INDEX(东风赛道!$C$5:$C$68,MATCH(B14,东风赛道!$B$5:$B$68,0)) -> 104.4 | E14: ==INDEX(半庄赛道!$A$5:$A$68,MATCH(B14,半庄赛道!$B$5:$B$68,0)) -> 24 | F14: ==INDEX(半庄赛道!$C$5:$C$68,MATCH(B14,半庄赛道!$B$5:$B$68,0)) -> 25.5 | G14: ==D14+F14 -> 129.9 | H14: 0 | I14: ==G14-H14 -> 129.9
A15: ==_xlfn.RANK.EQ(I15,$I$7:$I$70,0) -> 9 | B15: 西安交通大学 | C15: ==INDEX(东风赛道!$A$5:$A$68,MATCH(B15,东风赛道!$B$5:$B$68,0)) -> 28 | D15: ==INDEX(东风赛道!$C$5:$C$68,MATCH(B15,东风赛道!$B$5:$B$68,0)) -> 14.1 | E15: ==INDEX(半庄赛道!$A$5:$A$68,MATCH(B15,半庄赛道!$B$5:$B$68,0)) -> 12 | F15: ==INDEX(半庄赛道!$C$5:$C$68,MATCH(B15,半庄赛道!$B$5:$B$68,0)) -> 115.4 | G15: ==D15+F15 -> 129.5 | H15: 0 | I15: ==G15-H15 -> 129.5
A16: ==_xlfn.RANK.EQ(I16,$I$7:$I$70,0) -> 10 | B16: 中山大学 | C16: ==INDEX(东风赛道!$A$5:$A$68,MATCH(B16,东风赛道!$B$5:$B$68,0)) -> 17 | D16: ==INDEX(东风赛道!$C$5:$C$68,MATCH(B16,东风赛道!$B$5:$B$68,0)) -> 49.1 | E16: ==INDEX(半庄赛道!$A$5:$A$68,MATCH(B16,半庄赛道!$B$5:$B$68,0)) -> 16 | F16: ==INDEX(半庄赛道!$C$5:$C$68,MATCH(B16,半庄赛道!$B$5:$B$68,0)) -> 75 | G16: ==D16+F16 -> 124.1 | H16: 0 | I16: ==G16-H16 -> 124.1
A17: ==_xlfn.RANK.EQ(I17,$I$7:$I$70,0) -> 11 | B17: 复旦大学 | C17: ==INDEX(东风赛道!$A$5:$A$68,MATCH(B17,东风赛道!$B$5:$B$68,0)) -> 15 | D17: ==INDEX(东风赛道!$C$5:$C$68,MATCH(B17,东风赛道!$B$5:$B$68,0)) -> 60.3 | E17: ==INDEX(半庄赛道!$A$5:$A$68,MATCH(B17,半庄赛道!$B$5:$B$68,0)) -> 20 | F17: ==INDEX(半庄赛道!$C$5:$C$68,MATCH(B17,半庄赛道!$B$5:$B$68,0)) -> 61.2 | G17: ==D17+F17 -> 121.5 | H17: 0 | I17: ==G17-H17 -> 121.5
A18: ==_xlfn.RANK.EQ(I18,$I$7:$I$70,0) -> 12 | B18: 大连理工大学 | C18: ==INDEX(东风赛道!$A$5:$A$68,MATCH(B18,东风赛道!$B$5:$B$68,0)) -> 35 | D18: ==INDEX(东风赛道!$C$5:$C$68,MATCH(B18,东风赛道!$B$5:$B$68,0)) -> -12.9 | E18: ==INDEX(半庄赛道!$A$5:$A$68,MATCH(B18,半庄赛道!$B$5:$B$68,0)) -> 10 | F18: ==INDEX(半庄赛道!$C$5:$C$68,MATCH(B18,半庄赛道!$B$5:$B$68,0)) -> 123.9 | G18: ==D18+F18 -> 111 | H18: 0 | I18: ==G18-H18 -> 111
... A70: ==_xlfn.RANK.EQ(I70,$I$7:$I$70,0) -> 64 | B70: 北京信息科技大 | C70: ==INDEX(东风赛道!$A$5:$A$68,MATCH(B70,东风赛道!$B$5:$B$68,0)) -> 63 | D70: ==INDEX(东风赛道!$C$5:$C$68,MATCH(B70,东风赛道!$B$5:$B$68,0)) -> -126.8 | E70: ==INDEX(半庄赛道!$A$5:$A$68,MATCH(B70,半庄赛道!$B$5:$B$68,0)) -> 54 | F70: ==INDEX(半庄赛道!$C$5:$C$68,MATCH(B70,半庄赛道!$B$5:$B$68,0)) -> -113.3 | G70: ==D70+F70 -> -240.1 | H70: 0 | I70: ==G70-H70 -> -240.1

Sheet 东风赛道
A1: 第五届联合杯立直麻将高校赛｜东风赛道原始排行榜 | B1: 第五届联合杯立直麻将高校赛｜东风赛道原始排行榜 | C1: 第五届联合杯立直麻将高校赛｜东风赛道原始排行榜 | D1: 第五届联合杯立直麻将高校赛｜东风赛道原始排行榜 | E1: 第五届联合杯立直麻将高校赛｜东风赛道原始排行榜 | F1: 第五届联合杯立直麻将高校赛｜东风赛道原始排行榜 | G1: 第五届联合杯立直麻将高校赛｜东风赛道原始排行榜 | H1: 第五届联合杯立直麻将高校赛｜东风赛道原始排行榜
A2: 来源：https://s.hieuzest.com/contest/6a51b4c297150099d8c13dd9?tab=ranking
A3: 抓取时间（UTC）：2026-07-12T07:57:25.747Z｜比赛状态：进行中｜分数与明细合计已核对
A4: 名次 | B4: 学校 | C4: 分数 | D4: 额外 | E4: 明细得分 | F4: 选手 / 顺位 / 点数 | G4: 状态 | H4: 来源
A5: 1 | B5: 南开大学 | C5: 150.3 | E5: 32.30 | 38.00 | 38.20 | 48.80 | 3.00 | -10.00 | F5: 時之彥士 #1 30300 | 時之彥士 #1 36000 | 時之彥士 #1 36200 | 诈胡战士 #1 46800 | 诈胡战士 #2 25000 | 诈胡战士 #3 24000 | G5: #11 | H5: https://s.hieuzest.com/contest/6a51b4c297150099d8c13dd9?tab=ranking
A6: 2 | B6: 中国农业大学 | C6: 111.1 | E6: 6.80 | 33.60 | 48.20 | 10.70 | 2.30 | 9.50 | F6: 我爱淮淮宝贝 #2 28800 | 我爱淮淮宝贝 #1 31600 | 我爱淮淮宝贝 #1 46200 | 我爱淮淮宝贝 #2 32700 | 我爱淮淮宝贝 #2 24300 | 我爱淮淮宝贝 #2 31500 | G6: #15 | H6: https://s.hieuzest.com/contest/6a51b4c297150099d8c13dd9?tab=ranking
A7: 3 | B7: 华南理工大学 | C7: 104.5 | E7: -9.80 | 32.40 | -13.20 | 34.30 | 32.20 | 28.60 | F7: 圣园の未花 #3 24200 | 圣园の未花 #1 30400 | 圣园の未花 #3 20800 | 双鸭山大学 #1 32300 | 双鸭山大学 #1 30200 | 双鸭山大学 #1 26600 | G7: #12 | H7: https://s.hieuzest.com/contest/6a51b4c297150099d8c13dd9?tab=ranking
A8: 4 | B8: 清华大学 | C8: 104.4 | E8: -44.30 | 44.70 | 38.40 | 44.90 | -30.80 | 51.50 | F8: LawO今天不上班 #4 1700 | LawO今天不上班 #1 42700 | LawO今天不上班 #1 36400 | 梦欣雅 #1 42900 | 梦欣雅 #4 15200 | 梦欣雅 #1 49500 | G8: #6 | H8: https://s.hieuzest.com/contest/6a51b4c297150099d8c13dd9?tab=ranking
A9: 5 | B9: 四川大学 | C9: 92.9 | E9: 10.70 | 6.50 | 38.00 | -2.10 | 37.30 | 2.50 | F9: 开点啊 #2 32700 | 开点啊 #2 28500 | 开点啊 #1 36000 | wen141 #2 19900 | wen141 #1 35300 | wen141 #2 24500 | G9: #11 | H9: https://s.hieuzest.com/contest/6a51b4c297150099d8c13dd9?tab=ranking
A10: 6 | B10: 北京大学 | C10: 85.9 | E10: 10.50 | 4.00 | 40.70 | -17.40 | 10.00 | 38.10 | F10: 炸洋芋sakaimo #2 32500 | 炸洋芋sakaimo #2 26000 | 炸洋芋sakaimo #1 38700 | 紫菜麻酱杏杏 #3 16600 | 紫菜麻酱杏杏 #2 32000 | 紫菜麻酱杏杏 #1 36100 | G10: #1 | H10: https://s.hieuzest.com/contest/6a51b4c297150099d8c13dd9?tab=ranking
A11: 7 | B11: 北京交通大学 | C11: 85.2 | E11: 39.50 | 7.90 | -14.00 | 34.10 | 5.10 | 12.60 | F11: 立直一发自摸狗 #1 37500 | 立直一发自摸狗 #2 29900 | 立直一发自摸狗 #3 20000 | 立直一发自摸狗 #1 32100 | 立直一发自摸狗 #2 27100 | 立直一发自摸狗 #2 34600 | G11: #13 | H11: https://s.hieuzest.com/contest/6a51b4c297150099d8c13dd9?tab=ranking
A12: 8 | B12: 同济大学 | C12: 83.2 | E12: 40.60 | 8.90 | -11.00 | 40.50 | 1.20 | 3.00 | F12: だんごかぞく #1 38600 | だんごかぞく #2 30900 | だんごかぞく #3 23000 | 雨滴鸽 #1 38500 | 雨滴鸽 #2 23200 | 雨滴鸽 #2 25000 | G12: #9 | H12: https://s.hieuzest.com/contest/6a51b4c297150099d8c13dd9?tab=ranking
A13: 9 | B13: 北京师范大学 | C13: 72.3 | E13: 40.10 | 44.80 | -13.20 | 2.00 | 34.00 | -35.40 | F13: 浮香墨染 #1 38100 | 浮香墨染 #1 42800 | 浮香墨染 #3 20800 | lilian111 #2 24000 | lilian111 #1 32000 | lilian111 #4 10600 | G13: #14 | H13: https://s.hieuzest.com/contest/6a51b4c297150099d8c13dd9?tab=ranking
A14: 10 | B14: 山东财经大学 | C14: 71.1 | E14: -13.60 | 4.30 | 48.90 | 37.90 | -8.70 | 2.30 | F14: laidoull #3 20400 | laidoull #2 26300 | laidoull #1 46900 | laidoull #1 35900 | laidoull #3 25300 | laidoull #2 24300 | G14: #14 | H14: https://s.hieuzest.com/contest/6a51b4c297150099d8c13dd9?tab=ranking
A15: 11 | B15: 中南财经政法大 | C15: 67.5 | E15: 39.30 | 47.80 | 30.10 | -26.40 | -27.70 | 4.40 | F15: 灬狗蛋灬 #1 37300 | 灬狗蛋灬 #1 45800 | 灬狗蛋灬 #1 28100 | Rakaseira #4 19600 | Rakaseira #4 18300 | Rakaseira #2 26400 | G15: #12 | H15: https://s.hieuzest.com/contest/6a51b4c297150099d8c13dd9?tab=ranking
A16: 12 | B16: 上海工程技术大 | C16: 64.5 | E16: 9.20 | 35.80 | 33.00 | -10.80 | 5.40 | -8.10 | F16: 夕之哉 #2 31200 | 夕之哉 #1 33800 | 夕之哉 #1 31000 | 夕之哉 #3 23200 | 夕之哉 #2 27400 | 夕之哉 #3 25900 | G16: #12 | H16: https://s.hieuzest.com/contest/6a51b4c297150099d8c13dd9?tab=ranking
... A68: 64 | B68: 上海财经大学 | C68: -160.7 | E68: -32.00 | -36.60 | -13.20 | -10.80 | -41.30 | -26.80 | F68: FBXX #4 14000 | FBXX #4 9400 | FBXX #3 20800 | FBXX #3 23200 | FBXX #4 4700 | FBXX #4 19200 | G68: #10 | H68: https://s.hieuzest.com/contest/6a51b4c297150099d8c13dd9?tab=ranking

Sheet 半庄赛道
A1: 第五届联合杯立直麻将高校赛｜半庄赛道原始排行榜 | B1: 第五届联合杯立直麻将高校赛｜半庄赛道原始排行榜 | C1: 第五届联合杯立直麻将高校赛｜半庄赛道原始排行榜 | D1: 第五届联合杯立直麻将高校赛｜半庄赛道原始排行榜 | E1: 第五届联合杯立直麻将高校赛｜半庄赛道原始排行榜 | F1: 第五届联合杯立直麻将高校赛｜半庄赛道原始排行榜 | G1: 第五届联合杯立直麻将高校赛｜半庄赛道原始排行榜 | H1: 第五届联合杯立直麻将高校赛｜半庄赛道原始排行榜
A2: 来源：https://s.hieuzest.com/contest/6a51b4ac97150099d8c13dd3?tab=ranking
A3: 抓取时间（UTC）：2026-07-12T07:57:25.747Z｜比赛状态：进行中｜分数与明细合计已核对
A4: 名次 | B4: 学校 | C4: 分数 | D4: 额外 | E4: 明细得分 | F4: 选手 / 顺位 / 点数 | G4: 状态 | H4: 来源
A5: 1 | B5: 上海大学 | C5: 220.8 | E5: 78.50 | 55.70 | 76.40 | 10.20 | F5: kiddddd #1 58500 | kiddddd #1 35700 | dwtl #1 56400 | dwtl #2 30200 | G5: #4 | H5: https://s.hieuzest.com/contest/6a51b4ac97150099d8c13dd3?tab=ranking
A6: 2 | B6: 北京航空航天大 | C6: 213.9 | E6: 59.20 | 20.40 | 57.60 | 76.70 | F6: 御坂喵喵机 #1 39200 | 御坂喵喵机 #2 40400 | 一朵朵海浪 #1 37600 | 一朵朵海浪 #1 56700 | G6: #12 | H6: https://s.hieuzest.com/contest/6a51b4ac97150099d8c13dd3?tab=ranking
A7: 3 | B7: 北京大学 | C7: 212.7 | E7: 58.50 | 78.50 | 11.90 | 63.80 | F7: 不会游泳的企鹅 #1 38500 | 不会游泳的企鹅 #1 58500 | lesster #2 31900 | lesster #1 43800 | G7: #1 | H7: https://s.hieuzest.com/contest/6a51b4ac97150099d8c13dd3?tab=ranking
A8: 4 | B8: 北京邮电大学 | C8: 189.5 | E8: 63.40 | 55.30 | 10.90 | 59.90 | F8: cloudts #1 43400 | cloudts #1 35300 | 愚型糯米 #2 30900 | 愚型糯米 #1 39900 | G8: #8 | H8: https://s.hieuzest.com/contest/6a51b4ac97150099d8c13dd3?tab=ranking
A9: 5 | B9: 华中科技大学 | C9: 146.7 | E9: 13.20 | 9.80 | 63.10 | 60.60 | F9: 孤星宿命归尘 #2 33200 | 孤星宿命归尘 #2 29800 | Centa #1 43100 | Centa #1 40600 | G9: #13 | H9: https://s.hieuzest.com/contest/6a51b4ac97150099d8c13dd3?tab=ranking
A10: 6 | B10: 四川大学 | C10: 137.6 | E10: 9.80 | 6.00 | 53.00 | 68.80 | F10: Miaonana7 #2 29800 | Miaonana7 #2 26000 | CQXYM #1 33000 | CQXYM #1 48800 | G10: #11 | H10: https://s.hieuzest.com/contest/6a51b4ac97150099d8c13dd3?tab=ranking
A11: 7 | B11: 安徽农业大学 | C11: 136.7 | E11: 58.90 | 60.70 | -57.00 | 74.10 | F11: 真灬文子丿 #1 38900 | 真灬文子丿 #1 40700 | 龙雨俏江南 #4 3000 | 龙雨俏江南 #1 54100 | G11: #5 | H11: https://s.hieuzest.com/contest/6a51b4ac97150099d8c13dd3?tab=ranking
A12: 8 | B12: 对外经济贸易大 | C12: 134.3 | E12: 2.40 | 105.30 | -47.70 | 74.30 | F12: JamesR1 #2 22400 | JamesR1 #1 85300 | 天不生我千云 #4 12300 | 天不生我千云 #1 54300 | G12: #14 | H12: https://s.hieuzest.com/contest/6a51b4ac97150099d8c13dd3?tab=ranking
A13: 9 | B13: 上海电力大学 | C13: 125.9 | E13: -46.00 | 59.60 | 50.50 | 61.80 | F13: 黎兹忆 #4 14000 | 黎兹忆 #1 39600 | 动车头北人 #1 30500 | 动车头北人 #1 41800 | G13: #10 | H13: https://s.hieuzest.com/contest/6a51b4ac97150099d8c13dd3?tab=ranking
A14: 10 | B14: 大连理工大学 | C14: 123.9 | E14: 60.70 | 72.20 | -16.20 | 7.20 | F14: 兼明偏暗 #1 40700 | 兼明偏暗 #1 52200 | cocoacoffee #3 23800 | cocoacoffee #2 27200 | G14: #3 | H14: https://s.hieuzest.com/contest/6a51b4ac97150099d8c13dd3?tab=ranking
A15: 11 | B15: 中央民族大学 | C15: 123.5 | E15: -14.80 | 75.80 | 60.30 | 2.20 | F15: 简宇J #3 25200 | 简宇J #1 55800 | 浪到一种境界 #1 40300 | 浪到一种境界 #2 22200 | G15: #5 | H15: https://s.hieuzest.com/contest/6a51b4ac97150099d8c13dd3?tab=ranking
A16: 12 | B16: 西安交通大学 | C16: 115.4 | E16: 54.60 | -17.20 | 67.60 | 10.40 | F16: 榴莲忘返白雪冰 #1 34600 | 榴莲忘返白雪冰 #3 22800 | sirHumphrey #1 47600 | sirHumphrey #2 30400 | G16: #2 | H16: https://s.hieuzest.com/contest/6a51b4ac97150099d8c13dd3?tab=ranking
... A68: 64 | B68: 东北林业大学 | C68: -198.3 | E68: -46.90 | -83.10 | -13.60 | -54.70 | F68: 火星孩子 #4 13100 | 火星孩子 #4 -23100 | 我才知道我是猪 #3 26400 | 我才知道我是猪 #4 5300 | G68: #5 | H68: https://s.hieuzest.com/contest/6a51b4ac97150099d8c13dd3?tab=ranking

Sheet 使用说明
A1: 使用说明与数据校验 | B1: 使用说明与数据校验 | C1: 使用说明与数据校验 | D1: 使用说明与数据校验 | E1: 使用说明与数据校验 | F1: 使用说明与数据校验
A3: 项目 | B3: 说明
A4: 东风赛道来源 | B4: https://s.hieuzest.com/contest/6a51b4c297150099d8c13dd9?tab=ranking
A5: 半庄赛道来源 | B5: https://s.hieuzest.com/contest/6a51b4ac97150099d8c13dd3?tab=ranking
A6: 抓取时间 | B6: 2026-07-12T07:57:25.747Z（UTC）
A7: 快照说明 | B7: 比赛仍显示为“进行中”；本文件为抓取时点快照，不会自动联网更新。
A8: 合并规则 | B8: 使用网站中的学校名称精确匹配；两个赛道均为 64 所学校，且学校集合完全一致。
A9: 原始总分 | B9: 原始总分 = 东风分数 + 半庄分数。
A10: 扣分规则 | B10: 在合并排行榜的“扣分”列输入正数；扣分后总分 = 原始总分 - 扣分。
A11: 当前名次 | B11: 按扣分后总分使用 RANK.EQ 降序排名；同分学校并列。扣分后可按表头筛选箭头重新排序行。
A12: 数据校验 | B12: 两个赛道均无重复学校；每条记录的明细得分之和等于赛道分数；每个赛道总分约等于 0。
